pos, 0.8807961917687174, faculty(ahttprobios8mewiscedulumelskylumelskyhtml)
pos, 0.8807961917687174, faculty(ahttpwwwcscornelledunfoacultyrcrchtml)
pos, 0.8807961917687174, faculty(ahttpwwwcscornelledunfoacultyrianmithhtml)
pos, 0.8807961917687174, faculty(ahttpwwwcscornelledunfoeoplebrdbrdhtml)
pos, 0.8807961917687174, faculty(ahttpwwwcscornelledunfoeoplecardiecardiehtml)
pos, 0.8807961917687174, faculty(ahttpwwwcscornelledunfoeoplecolemancolemanhtml)
pos, 0.8807961917687174, faculty(ahttpwwwcscornelledunfoeopledeandeanhtml)
pos, 0.8807961917687174, faculty(ahttpwwwcscornelledunfoeopledphdphhtml)
pos, 0.8807961917687174, faculty(ahttpwwwcscornelledunfoeopleevaevahtml)
pos, 0.8807961917687174, faculty(ahttpwwwcscornelledunfoeoplegriesgrieshtml)
pos, 0.8807961917687174, faculty(ahttpwwwcscornelledunfoeoplehalpern)
pos, 0.8807961917687174, faculty(ahttpwwwcscornelledunfoeoplejgmhomehtml)
pos, 0.8807961917687174, faculty(ahttpwwwcscornelledunfoeoplekleinberkleinberhtml)
pos, 0.8807961917687174, faculty(ahttpwwwcscornelledunfoeoplekozenkozenhtml)
pos, 0.8807961917687174, faculty(ahttpwwwcscornelledunfoeoplelntlnthtml)
pos, 0.8807961917687174, faculty(ahttpwwwcscornelledunfoeoplemhrmhrhtml)
pos, 0.8807961917687174, faculty(ahttpwwwcscornelledunfoeoplepraveenpraveenhtml)
pos, 0.8807961917687174, faculty(ahttpwwwcscornelledunfoeoplerdzrdzhtml)
pos, 0.8807961917687174, faculty(ahttpwwwcscornelledunfoeopleronitthomepagehtml)
pos, 0.8807961917687174, faculty(ahttpwwwcscornelledunfoeoplesamsamhtml)
pos, 0.8807961917687174, faculty(ahttpwwwcscornelledunfoeoplesamuel)
pos, 0.8807961917687174, faculty(ahttpwwwcscornelledunfoeopleskeshav)
pos, 0.8807961917687174, faculty(ahttpwwwcscornelledunfoeopletahtahhtml)
pos, 0.8807961917687174, faculty(ahttpwwwcscornelledunfoeoplettimeitelbaumhtml)
pos, 0.8807961917687174, faculty(ahttpwwwcscornelledunfoeopletvetvehtml)
pos, 0.8807961917687174, faculty(ahttpwwwcscornelledunfoeoplevavasisvavasishtml)
pos, 0.8807961917687174, faculty(ahttpwwwcscornelledunfoepartmentnnual94acultyaltonhtml)
pos, 0.8807961917687174, faculty(ahttpwwwcscornelledunfoepartmentnnual95acultyagnerhtml)
pos, 0.8807961917687174, faculty(ahttpwwwcscornelledunfoepartmentnnual95acultyanoanhtml)
pos, 0.8807961917687174, faculty(ahttpwwwcscornelledunfoepartmentnnual95acultyartmanishtml)
pos, 0.8807961917687174, faculty(ahttpwwwcscornelledunfoepartmentnnual95acultychneiderhtml)
pos, 0.8807961917687174, faculty(ahttpwwwcscornelledunfoepartmentnnual95acultyingalihtml)
pos, 0.8807961917687174, faculty(ahttpwwwcscornelledunfoepartmentnnual95acultyirmanhtml)
pos, 0.8807961917687174, faculty(ahttpwwwcscornelledunfoepartmentnnual95acultyopcrofthtml)
pos, 0.8807961917687174, faculty(ahttpwwwcscornelledunfoepartmentnnual95acultyreenberghtml)
pos, 0.8807961917687174, faculty(ahttpwwwcsutexaseduusersalmstrumwelcomehtml)
pos, 0.8807961917687174, faculty(ahttpwwwcsutexaseduusersboyer)
pos, 0.8807961917687174, faculty(ahttpwwwcsutexaseduusersbrowne)
pos, 0.8807961917687174, faculty(ahttpwwwcsutexaseduusersdahlin)
pos, 0.8807961917687174, faculty(ahttpwwwcsutexaseduusersdiz)
pos, 0.8807961917687174, faculty(ahttpwwwcsutexaseduusersdsb)
pos, 0.8807961917687174, faculty(ahttpwwwcsutexaseduusersemerson)
pos, 0.8807961917687174, faculty(ahttpwwwcsutexaseduusersfussell)
pos, 0.8807961917687174, faculty(ahttpwwwcsutexaseduusersgouda)
pos, 0.8807961917687174, faculty(ahttpwwwcsutexaseduuserskincaid)
pos, 0.8807961917687174, faculty(ahttpwwwcsutexaseduuserskuipers)
pos, 0.8807961917687174, faculty(ahttpwwwcsutexaseduuserslam)
pos, 0.8807961917687174, faculty(ahttpwwwcsutexaseduuserslavender)
pos, 0.8807961917687174, faculty(ahttpwwwcsutexaseduuserslin)
pos, 0.8807961917687174, faculty(ahttpwwwcsutexaseduuserslorenzo)
pos, 0.8807961917687174, faculty(ahttpwwwcsutexaseduuserslwerth)
pos, 0.8807961917687174, faculty(ahttpwwwcsutexaseduusersmiranker)
pos, 0.8807961917687174, faculty(ahttpwwwcsutexaseduusersmisra)
pos, 0.8807961917687174, faculty(ahttpwwwcsutexaseduusersmooney)
pos, 0.8807961917687174, faculty(ahttpwwwcsutexaseduusersndale)
pos, 0.8807961917687174, faculty(ahttpwwwcsutexaseduusersnovak)
pos, 0.8807961917687174, faculty(ahttpwwwcsutexaseduusersplaxton)
pos, 0.8807961917687174, faculty(ahttpwwwcsutexaseduusersporter)
pos, 0.8807961917687174, faculty(ahttpwwwcsutexaseduusersrdb)
pos, 0.8807961917687174, faculty(ahttpwwwcsutexaseduusersreport1994profilesbledsoehtml)
pos, 0.8807961917687174, faculty(ahttpwwwcsutexaseduusersreport1994profilesjwerthhtml)
pos, 0.8807961917687174, faculty(ahttpwwwcsutexaseduusersreport1995profilesadalehtml)
pos, 0.8807961917687174, faculty(ahttpwwwcsutexaseduusersreport1995profilesbrumfieldhtml)
pos, 0.8807961917687174, faculty(ahttpwwwcsutexaseduusersreport1995profilesclinehtml)
pos, 0.8807961917687174, faculty(ahttpwwwcsutexaseduusersreport1995profilesdijkstrahtml)
pos, 0.8807961917687174, faculty(ahttpwwwcsutexaseduusersreport1995profilesedmondsonhtml)
pos, 0.8807961917687174, faculty(ahttpwwwcsutexaseduusersreport1995profilesgallagherhtml)
pos, 0.8807961917687174, faculty(ahttpwwwcsutexaseduusersreport1995profilesjeneveinhtml)
pos, 0.8807961917687174, faculty(ahttpwwwcsutexaseduusersreport1995profilesmartinhtml)
pos, 0.8807961917687174, faculty(ahttpwwwcsutexaseduusersreport1995profilesmokhtml)
pos, 0.8807961917687174, faculty(ahttpwwwcsutexaseduusersreport1995profilesrichardshtml)
pos, 0.8807961917687174, faculty(ahttpwwwcsutexaseduusersreport1995profilessilberschatzhtml)
pos, 0.8807961917687174, faculty(ahttpwwwcsutexaseduusersreport1995profilessimmonshtml)
pos, 0.8807961917687174, faculty(ahttpwwwcsutexaseduusersristo)
pos, 0.8807961917687174, faculty(ahttpwwwcsutexaseduusersrvdg)
pos, 0.8807961917687174, faculty(ahttpwwwcsutexaseduusersvin)
pos, 0.8807961917687174, faculty(ahttpwwwcsutexaseduusersvl)
pos, 0.8807961917687174, faculty(ahttpwwwcsutexaseduusersvlr)
pos, 0.8807961917687174, faculty(ahttpwwwcsutexaseduuserswalkerh)
pos, 0.8807961917687174, faculty(ahttpwwwcsutexaseduuserswilson)
pos, 0.8807961917687174, faculty(ahttpwwwcsutexaseduusersyoung)
pos, 0.8807961917687174, faculty(ahttpwwwcswashingtoneduhomesanderson)
pos, 0.8807961917687174, faculty(ahttpwwwcswashingtoneduhomesbeamebeamehtml)
pos, 0.8807961917687174, faculty(ahttpwwwcswashingtoneduhomesbershad)
pos, 0.8807961917687174, faculty(ahttpwwwcswashingtoneduhomesborning)
pos, 0.8807961917687174, faculty(ahttpwwwcswashingtoneduhomesdickey)
pos, 0.8807961917687174, faculty(ahttpwwwcswashingtoneduhomeseggers)
pos, 0.8807961917687174, faculty(ahttpwwwcswashingtoneduhomesetzioni)
pos, 0.8807961917687174, faculty(ahttpwwwcswashingtoneduhomesgaetano)
pos, 0.8807961917687174, faculty(ahttpwwwcswashingtoneduhomeskarlin)
pos, 0.8807961917687174, faculty(ahttpwwwcswashingtoneduhomesladner)
pos, 0.8807961917687174, faculty(ahttpwwwcswashingtoneduhomesleveson)
pos, 0.8807961917687174, faculty(ahttpwwwcswashingtoneduhomeslevy)
pos, 0.8807961917687174, faculty(ahttpwwwcswashingtoneduhomesnotkin)
pos, 0.8807961917687174, faculty(ahttpwwwcswashingtoneduhomesruzzo)
pos, 0.8807961917687174, faculty(ahttpwwwcswashingtoneduhomessalesin)
pos, 0.8807961917687174, faculty(ahttpwwwcswashingtoneduhomesshapiro)
pos, 0.8807961917687174, faculty(ahttpwwwcswashingtoneduhomestompa)
pos, 0.8807961917687174, faculty(ahttpwwwcswashingtoneduhomesweldweldhtml)
pos, 0.8807961917687174, faculty(ahttpwwwcswashingtonedupeoplefacultybaerhtml)
pos, 0.8807961917687174, faculty(ahttpwwwcswashingtonedupeoplefacultychambershtml)
pos, 0.8807961917687174, faculty(ahttpwwwcswashingtonedupeoplefacultyebelinghtml)
pos, 0.8807961917687174, faculty(ahttpwwwcswashingtonedupeoplefacultyhankshtml)
pos, 0.8807961917687174, faculty(ahttpwwwcswashingtonedupeoplefacultyholdenhtml)
pos, 0.8807961917687174, faculty(ahttpwwwcswashingtonedupeoplefacultykarphtml)
pos, 0.8807961917687174, faculty(ahttpwwwcswashingtonedupeoplefacultylazowska)
pos, 0.8807961917687174, faculty(ahttpwwwcswashingtonedupeoplefacultyshawhtml)
pos, 0.8807961917687174, faculty(ahttpwwwcswashingtonedupeoplefacultysnyderhtml)
pos, 0.8807961917687174, faculty(ahttpwwwcswashingtonedupeoplefacultysomanihtml)
pos, 0.8807961917687174, faculty(ahttpwwwcswashingtonedupeoplefacultytanimotohtml)
pos, 0.8807961917687174, faculty(ahttpwwwcswashingtonedupeoplefacultyyounghtml)
pos, 0.8807961917687174, faculty(ahttpwwwcswashingtonedupeoplefacultyzahorjanhtml)
pos, 0.8807961917687174, faculty(ahttpwwwcswisceduamosamoshtml)
pos, 0.8807961917687174, faculty(ahttpwwwcswiscedubachbachhtml)
pos, 0.8807961917687174, faculty(ahttpwwwcswiscedubartbarthtml)
pos, 0.8807961917687174, faculty(ahttpwwwcswiscedubelewbelewhtml)
pos, 0.8807961917687174, faculty(ahttpwwwcswisceducaocaohtml)
pos, 0.8807961917687174, faculty(ahttpwwwcswisceducareycareyhtml)
pos, 0.8807961917687174, faculty(ahttpwwwcswiscedudaviddavidhtml)
pos, 0.8807961917687174, faculty(ahttpwwwcswiscedudeboordeboorhtml)
pos, 0.8807961917687174, faculty(ahttpwwwcswiscedudewittdewitthtml)
pos, 0.8807961917687174, faculty(ahttpwwwcswiscedudyerdyerhtml)
pos, 0.8807961917687174, faculty(ahttpwwwcswisceduferrisferrishtml)
pos, 0.8807961917687174, faculty(ahttpwwwcswiscedufischerfischerhtml)
pos, 0.8807961917687174, faculty(ahttpwwwcswiscedugoodmangoodmanhtml)
pos, 0.8807961917687174, faculty(ahttpwwwcswisceduhorwitzhorwitzhtml)
pos, 0.8807961917687174, faculty(ahttpwwwcswiscedukunenkunenhtml)
pos, 0.8807961917687174, faculty(ahttpwwwcswiscedularuslarushtml)
pos, 0.8807961917687174, faculty(ahttpwwwcswiscedulhllhlhtml)
pos, 0.8807961917687174, faculty(ahttpwwwcswiscedulumelskylumelskyhtml)
pos, 0.8807961917687174, faculty(ahttpwwwcswiscedumarkhillmarkhillhtml)
pos, 0.8807961917687174, faculty(ahttpwwwcswiscedunaughtonnaughtonhtml)
pos, 0.8807961917687174, faculty(ahttpwwwcswisceduolviolvihtml)
pos, 0.8807961917687174, faculty(ahttpwwwcswiscedupubsfacultyinfocondonhtml)
pos, 0.8807961917687174, faculty(ahttpwwwcswiscedupubsfacultyinfoedhtml)
pos, 0.8807961917687174, faculty(ahttpwwwcswiscedupubsfacultyinfojosephhtml)
pos, 0.8807961917687174, faculty(ahttpwwwcswiscedupubsfacultyinfomironhtml)
pos, 0.8807961917687174, faculty(ahttpwwwcswiscedupubsfacultyinfoparterhtml)
pos, 0.8807961917687174, faculty(ahttpwwwcswiscedupubsfacultyinfoskleinhtml)
pos, 0.8807961917687174, faculty(ahttpwwwcswiscedupubsfacultyinfovernonhtml)
pos, 0.8807961917687174, faculty(ahttpwwwcswisceduraghuraghuhtml)
pos, 0.8807961917687174, faculty(ahttpwwwcswiscedurepsrepshtml)
pos, 0.8807961917687174, faculty(ahttpwwwcswiscedurrmrrmhtml)
pos, 0.8807961917687174, faculty(ahttpwwwcswiscedusallysallyhtml)
pos, 0.8807961917687174, faculty(ahttpwwwcswiscedushavlikshavlikhtml)
pos, 0.8807961917687174, faculty(ahttpwwwcswiscedusohisohihtml)
pos, 0.8807961917687174, faculty(ahttpwwwcswiscedusolomonsolomonhtml)
pos, 0.8807961917687174, faculty(ahttpwwwcswiscedusotravishtml)
pos, 0.8807961917687174, faculty(ahttpwwwcswiscedustrikstrikhtml)
pos, 0.8807961917687174, faculty(ahttpwwwcswisceduyannisyannishtml)
pos, 0.8807961917687174, faculty(ahttpwwwengrwisceduecefacultysalujakewalhtml)
pos, 0.8807961917687174, faculty(ahttpwwwengrwiscedumefacultyduffieneilhtml)
pos, 0.8807961917687174, faculty(ahttpwwwengrwiscedumefacultyshapirovadimhtml)
neg, 0.06044194816773854, faculty(ahttpcamcornelledubaggettindexhtml)
neg, 0.06044194816773854, faculty(ahttpcamcornelleduphindexhtml)
neg, 0.060441948167738596, faculty(ahttpdricornelledupubeopledavishtml)
neg, 0.060441948167738596, faculty(ahttpsimoncscornelledunfoeoplevogels)
neg, 0.06044194816773854, faculty(ahttpwwwcscornelleducgibinssisnfoeoplekmaikmaihtml)
neg, 0.06044194816773854, faculty(ahttpwwwcscornelledunfoeopleaflorenchomehtml)
neg, 0.06044194816773854, faculty(ahttpwwwcscornelledunfoeopleaguilerahomehtml)
neg, 0.06044194816773854, faculty(ahttpwwwcscornelledunfoeopleahonghomehtml)
neg, 0.06044194816773854, faculty(ahttpwwwcscornelledunfoeopleahujaahujahtml)
neg, 0.06044194816773854, faculty(ahttpwwwcscornelledunfoeoplealanhomehtml)
neg, 0.06044194816773854, faculty(ahttpwwwcscornelledunfoeoplealexeyalexeyhtml)
neg, 0.06044194816773854, faculty(ahttpwwwcscornelledunfoeopleamithyamhtml)
neg, 0.06044194816773854, faculty(ahttpwwwcscornelledunfoeopleankitindexhtml)
neg, 0.06044194816773854, faculty(ahttpwwwcscornelledunfoeopleashishashishhtml)
neg, 0.06044194816773854, faculty(ahttpwwwcscornelledunfoeopleaswinaswinhtml)
neg, 0.06044194816773854, faculty(ahttpwwwcscornelledunfoeopleavinashavinashhtml)
neg, 0.06044194816773854, faculty(ahttpwwwcscornelledunfoeoplebarberelcomehtml)
neg, 0.06044194816773854, faculty(ahttpwwwcscornelledunfoeoplebasuhomehtml)
neg, 0.06044194816773854, faculty(ahttpwwwcscornelledunfoeoplebhaobhaohtml)
neg, 0.06044194816773854, faculty(ahttpwwwcscornelledunfoeoplebhardwajbhardwajhtml)
neg, 0.060441948167738596, faculty(ahttpwwwcscornelledunfoeoplechewchewhtml)
neg, 0.06044194816773854, faculty(ahttpwwwcscornelledunfoeoplechichaochichaohtml)
neg, 0.06044194816773854, faculty(ahttpwwwcscornelledunfoeopleckliauckliauhtml)
neg, 0.06044194816773854, faculty(ahttpwwwcscornelledunfoeoplecraryhomehtml)
neg, 0.060441948167738596, faculty(ahttpwwwcscornelledunfoeopledcooperdcooperhtml)
neg, 0.06044194816773854, faculty(ahttpwwwcscornelledunfoeopleddhungindexhtml)
neg, 0.060441948167738596, faculty(ahttpwwwcscornelledunfoeopledeanhomehtml)
neg, 0.06044194816773854, faculty(ahttpwwwcscornelledunfoeopledivakardivakarhtml)
neg, 0.06044194816773854, faculty(ahttpwwwcscornelledunfoeoplediyuyhtml)
neg, 0.06044194816773854, faculty(ahttpwwwcscornelledunfoeopledsouzadsouzahtml)
neg, 0.06044194816773854, faculty(ahttpwwwcscornelledunfoeopleergunergunhtml)
neg, 0.06044194816773854, faculty(ahttpwwwcscornelledunfoeoplefccfcchtml)
neg, 0.06044194816773854, faculty(ahttpwwwcscornelledunfoeopleflungflunghtml)
neg, 0.06044194816773854, faculty(ahttpwwwcscornelledunfoeoplefmsfmshtml)
neg, 0.060441948167738596, faculty(ahttpwwwcscornelledunfoeoplefrankfrankhtml)
neg, 0.06044194816773854, faculty(ahttpwwwcscornelledunfoeoplefredfredhtml)
neg, 0.06044194816773854, faculty(ahttpwwwcscornelledunfoeoplegbdgbdhtml)
neg, 0.06044194816773854, faculty(ahttpwwwcscornelledunfoeopleghiashomehtml)
neg, 0.06044194816773854, faculty(ahttpwwwcscornelledunfoeopleglaserhomehtml)
neg, 0.06044194816773854, faculty(ahttpwwwcscornelledunfoeoplegrinzaydhomehtml)
neg, 0.06044194816773854, faculty(ahttpwwwcscornelledunfoeoplegrzesgrzeshtml)
neg, 0.06044194816773854, faculty(ahttpwwwcscornelledunfoeoplehashihashihtml)
neg, 0.06044194816773854, faculty(ahttpwwwcscornelledunfoeoplehaydenhaydenhtml)
neg, 0.06044194816773854, faculty(ahttpwwwcscornelledunfoeoplehejikhejikhtml)
neg, 0.06044194816773854, faculty(ahttpwwwcscornelledunfoeoplehuanghuanghtml)
neg, 0.06044194816773854, faculty(ahttpwwwcscornelledunfoeoplehuhuhtml)
neg, 0.06044194816773854, faculty(ahttpwwwcscornelledunfoeopleicchenicchenhtml)
neg, 0.06044194816773854, faculty(ahttpwwwcscornelledunfoeopleimalikindirahtml)
neg, 0.06044194816773854, faculty(ahttpwwwcscornelledunfoeopleindirahomepagehtml)
neg, 0.06044194816773854, faculty(ahttpwwwcscornelledunfoeopleioihomehtml)
neg, 0.060441948167738596, faculty(ahttpwwwcscornelledunfoeoplejacksonjacksonhtml)
neg, 0.06044194816773854, faculty(ahttpwwwcscornelledunfoeoplejamjoomindexhtml)
neg, 0.06044194816773854, faculty(ahttpwwwcscornelledunfoeoplejanosihomehtml)
neg, 0.06044194816773854, faculty(ahttpwwwcscornelledunfoeoplejanwunjanwunhtml)
neg, 0.06044194816773854, faculty(ahttpwwwcscornelledunfoeoplejhlinindexhtml)
neg, 0.06044194816773854, faculty(ahttpwwwcscornelledunfoeoplejhsu)
neg, 0.06044194816773854, faculty(ahttpwwwcscornelledunfoeoplejiawangjiawanghtml)
neg, 0.06044194816773854, faculty(ahttpwwwcscornelledunfoeoplejmillerjmillerhtml)
neg, 0.06044194816773854, faculty(ahttpwwwcscornelledunfoeoplejmmjmmhtml)
neg, 0.06044194816773854, faculty(ahttpwwwcscornelledunfoeoplejoseluisjoseluishtml)
neg, 0.06044194816773854, faculty(ahttpwwwcscornelledunfoeoplejrdiazhjrdiazhhtml)
neg, 0.06044194816773854, faculty(ahttpwwwcscornelledunfoeoplejreichjreichhtml)
neg, 0.06044194816773854, faculty(ahttpwwwcscornelledunfoeoplejshapirojshapirohtm)
neg, 0.06044194816773854, faculty(ahttpwwwcscornelledunfoeoplejuliakjuliakhtml)
neg, 0.06044194816773854, faculty(ahttpwwwcscornelledunfoeoplejulianjulianhtml)
neg, 0.06044194816773854, faculty(ahttpwwwcscornelledunfoeoplejyhjyhhtml)
neg, 0.06044194816773854, faculty(ahttpwwwcscornelledunfoeoplekamijokamijohtml)
neg, 0.06044194816773854, faculty(ahttpwwwcscornelledunfoeoplekarlhomehtml)
neg, 0.06044194816773854, faculty(ahttpwwwcscornelledunfoeoplekarrkarrhtml)
neg, 0.06044194816773854, faculty(ahttpwwwcscornelledunfoeoplekartikhkhomepghtml)
neg, 0.06044194816773854, faculty(ahttpwwwcscornelledunfoeoplekettnakekettnakehtml)
neg, 0.06044194816773854, faculty(ahttpwwwcscornelledunfoeoplekguohomehtml)
neg, 0.06044194816773854, faculty(ahttpwwwcscornelledunfoeoplekityanprojecthtml)
neg, 0.06044194816773854, faculty(ahttpwwwcscornelledunfoeoplekotakotahtml)
neg, 0.06044194816773854, faculty(ahttpwwwcscornelledunfoeoplekuenkuenhtml)
neg, 0.06044194816773854, faculty(ahttpwwwcscornelledunfoeopleldzhouindexhtml)
neg, 0.06044194816773854, faculty(ahttpwwwcscornelledunfoeoplelhwanglhwanghtml)
neg, 0.06044194816773854, faculty(ahttpwwwcscornelledunfoeoplelibbyhomehtml)
neg, 0.06044194816773854, faculty(ahttpwwwcscornelledunfoeoplelilillhtml)
neg, 0.06044194816773854, faculty(ahttpwwwcscornelledunfoeoplelucylucyhtml)
neg, 0.06044194816773854, faculty(ahttpwwwcscornelledunfoeoplelxwuhomehtml)
neg, 0.06044194816773854, faculty(ahttpwwwcscornelledunfoeoplemateevmateevhtml)
neg, 0.060441948167738596, faculty(ahttpwwwcscornelledunfoeoplematthewmatthewhtml)
neg, 0.06044194816773854, faculty(ahttpwwwcscornelledunfoeoplemhuangstanleyhtml)
neg, 0.06044194816773854, faculty(ahttpwwwcscornelledunfoeoplemilletthomehtml)
neg, 0.06044194816773854, faculty(ahttpwwwcscornelledunfoeoplemishaalhomehtml)
neg, 0.06044194816773854, faculty(ahttpwwwcscornelledunfoeoplemkorbymain1html)
neg, 0.06044194816773854, faculty(ahttpwwwcscornelledunfoeoplemukaimukai2html)
neg, 0.06044194816773854, faculty(ahttpwwwcscornelledunfoeoplenihowenihowehtml)
neg, 0.060441948167738596, faculty(ahttpwwwcscornelledunfoeoplenikoscnikoschtml)
neg, 0.06044194816773854, faculty(ahttpwwwcscornelledunfoeoplenikosnikoshtml)
neg, 0.06044194816773854, faculty(ahttpwwwcscornelledunfoeoplepavelelcomehtml)
neg, 0.06044194816773854, faculty(ahttpwwwcscornelledunfoeoplepearsonpearsonhtml)
neg, 0.06044194816773854, faculty(ahttpwwwcscornelledunfoeoplepeskinelcomehtml)
neg, 0.06044194816773854, faculty(ahttpwwwcscornelledunfoeoplepiercepiercehtml)
neg, 0.06044194816773854, faculty(ahttpwwwcscornelledunfoeopleprakashomehtml)
neg, 0.06044194816773854, faculty(ahttpwwwcscornelledunfoeopleralphindexhtml)
neg, 0.06044194816773854, faculty(ahttpwwwcscornelledunfoeopleravihomehtml)
neg, 0.060441948167738596, faculty(ahttpwwwcscornelledunfoeoplerickhomehtml)
neg, 0.06044194816773854, faculty(ahttpwwwcscornelledunfoeoplerodmotenhomehtml)
neg, 0.060441948167738596, faculty(ahttpwwwcscornelledunfoeopleroyroyhtml)
neg, 0.060441948167738596, faculty(ahttpwwwcscornelledunfoeoplervrrvrhtml)
neg, 0.06044194816773854, faculty(ahttpwwwcscornelledunfoeoplesabelsabelhtml)
neg, 0.06044194816773854, faculty(ahttpwwwcscornelledunfoeoplesclseanhtml)
neg, 0.06044194816773854, faculty(ahttpwwwcscornelledunfoeopleseenahomepagehtml)
neg, 0.06044194816773854, faculty(ahttpwwwcscornelledunfoeoplesharmaindexhtml)
neg, 0.06044194816773854, faculty(ahttpwwwcscornelledunfoeopleshimshimhtml)
neg, 0.06044194816773854, faculty(ahttpwwwcscornelledunfoeoplesinghalsinghalhtml)
neg, 0.06044194816773854, faculty(ahttpwwwcscornelledunfoeoplesklsklhtml)
neg, 0.06044194816773854, faculty(ahttpwwwcscornelledunfoeoplesnowmanindexhtml)
neg, 0.06044194816773854, faculty(ahttpwwwcscornelledunfoeoplesoniayhtml)
neg, 0.06044194816773854, faculty(ahttpwwwcscornelledunfoeoplespdawsonalphahtml)
neg, 0.06044194816773854, faculty(ahttpwwwcscornelledunfoeoplestodghilhomehtml)
neg, 0.06044194816773854, faculty(ahttpwwwcscornelledunfoeoplestollerstollerhtml)
neg, 0.06044194816773854, faculty(ahttpwwwcscornelledunfoeoplesugatahomehtml)
neg, 0.06044194816773854, faculty(ahttpwwwcscornelledunfoeoplesukhpalsukhpalhtml)
neg, 0.06044194816773854, faculty(ahttpwwwcscornelledunfoeoplesumedhhomehtml)
neg, 0.06044194816773854, faculty(ahttpwwwcscornelledunfoeoplesummerssummershtml)
neg, 0.06044194816773854, faculty(ahttpwwwcscornelledunfoeoplesuzukisuzukihtml)
neg, 0.06044194816773854, faculty(ahttpwwwcscornelledunfoeopleswartzswartzhtml)
neg, 0.06044194816773854, faculty(ahttpwwwcscornelledunfoeoplesxsrivassxsrivashtml)
neg, 0.06044194816773854, faculty(ahttpwwwcscornelledunfoeopleszuwenszuwenhtml)
neg, 0.06044194816773854, faculty(ahttpwwwcscornelledunfoeopletakakohomehtml)
neg, 0.06044194816773854, faculty(ahttpwwwcscornelledunfoeopleulfarindexhtml)
neg, 0.06044194816773854, faculty(ahttpwwwcscornelledunfoeoplevermavermahtml)
neg, 0.06044194816773854, faculty(ahttpwwwcscornelledunfoeoplevincevincehtml)
neg, 0.06044194816773854, faculty(ahttpwwwcscornelledunfoeoplevitranovitranohtml)
neg, 0.06044194816773854, faculty(ahttpwwwcscornelledunfoeoplevivekvivekhtml)
neg, 0.06044194816773854, faculty(ahttpwwwcscornelledunfoeoplevladimirvladimirhtml)
neg, 0.06044194816773854, faculty(ahttpwwwcscornelledunfoeoplevsmhomehtml)
neg, 0.06044194816773854, faculty(ahttpwwwcscornelledunfoeopleweichenweichenhtml)
neg, 0.06044194816773854, faculty(ahttpwwwcscornelledunfoeopleweitsangindexhtml)
neg, 0.06044194816773854, faculty(ahttpwwwcscornelledunfoeoplewhkaowhkaohtml)
neg, 0.06044194816773854, faculty(ahttpwwwcscornelledunfoeoplewwleewwleehtml)
neg, 0.06044194816773854, faculty(ahttpwwwcscornelledunfoeoplexichunxichunhtml)
neg, 0.06044194816773854, faculty(ahttpwwwcscornelledunfoeoplexliuhomehtml)
neg, 0.060441948167738596, faculty(ahttpwwwcscornelledunfoeopleyanhongindexpostdochtml)
neg, 0.06044194816773854, faculty(ahttpwwwcscornelledunfoeopleychuangychuanghtml)
neg, 0.06044194816773854, faculty(ahttpwwwcscornelledunfoeopleychungychunghtml)
neg, 0.06044194816773854, faculty(ahttpwwwcscornelledunfoeopleyminskyyminskyhtml)
neg, 0.06044194816773854, faculty(ahttpwwwcscornelledunfoeopleyuichiyuichihtml)
neg, 0.060441948167738596, faculty(ahttpwwwcscornelledunfoepartmentnnual94esearchersippelhtml)
neg, 0.06044194816773854, faculty(ahttpwwwcsutexaseduusersadams)
neg, 0.06044194816773854, faculty(ahttpwwwcsutexaseduusersagapito)
neg, 0.06044194816773854, faculty(ahttpwwwcsutexaseduusersajohn)
neg, 0.06044194816773854, faculty(ahttpwwwcsutexaseduusersanthony)
neg, 0.06044194816773854, faculty(ahttpwwwcsutexaseduusersaruna)
neg, 0.06044194816773854, faculty(ahttpwwwcsutexaseduusersashis)
neg, 0.06044194816773854, faculty(ahttpwwwcsutexaseduusersbayardo)
neg, 0.06044194816773854, faculty(ahttpwwwcsutexaseduusersbert)
neg, 0.06044194816773854, faculty(ahttpwwwcsutexaseduusersbhanu)
neg, 0.06044194816773854, faculty(ahttpwwwcsutexaseduusersbogo)
neg, 0.06044194816773854, faculty(ahttpwwwcsutexaseduuserscanfield)
neg, 0.06044194816773854, faculty(ahttpwwwcsutexaseduuserscarruth)
neg, 0.06044194816773854, faculty(ahttpwwwcsutexaseduusersccp)
neg, 0.06044194816773854, faculty(ahttpwwwcsutexaseduuserscdj)
neg, 0.06044194816773854, faculty(ahttpwwwcsutexaseduuserschaput)
neg, 0.06044194816773854, faculty(ahttpwwwcsutexaseduuserschjwang)
neg, 0.06044194816773854, faculty(ahttpwwwcsutexaseduuserschuang)
neg, 0.06044194816773854, faculty(ahttpwwwcsutexaseduusersckpoon)
neg, 0.06044194816773854, faculty(ahttpwwwcsutexaseduusersckwong)
neg, 0.06044194816773854, faculty(ahttpwwwcsutexaseduusersclancy)
neg, 0.06044194816773854, faculty(ahttpwwwcsutexaseduusersclsy)
neg, 0.06044194816773854, faculty(ahttpwwwcsutexaseduuserscnchu)
neg, 0.06044194816773854, faculty(ahttpwwwcsutexaseduuserscorrel)
neg, 0.06044194816773854, faculty(ahttpwwwcsutexaseduuserscpg)
neg, 0.06044194816773854, faculty(ahttpwwwcsutexaseduuserscthomp)
neg, 0.06044194816773854, faculty(ahttpwwwcsutexaseduuserscxh)
neg, 0.06044194816773854, faculty(ahttpwwwcsutexaseduusersdamani)
neg, 0.06044194816773854, faculty(ahttpwwwcsutexaseduusersdane)
neg, 0.06044194816773854, faculty(ahttpwwwcsutexaseduusersdastuart)
neg, 0.06044194816773854, faculty(ahttpwwwcsutexaseduusersdhs)
neg, 0.06044194816773854, faculty(ahttpwwwcsutexaseduusersdianelaw)
neg, 0.06044194816773854, faculty(ahttpwwwcsutexaseduusersdionisis)
neg, 0.06044194816773854, faculty(ahttpwwwcsutexaseduusersdwip)
neg, 0.06044194816773854, faculty(ahttpwwwcsutexaseduusersecamahor)
neg, 0.06044194816773854, faculty(ahttpwwwcsutexaseduusersejp)
neg, 0.06044194816773854, faculty(ahttpwwwcsutexaseduusersemery)
neg, 0.06044194816773854, faculty(ahttpwwwcsutexaseduusersemmawu)
neg, 0.06044194816773854, faculty(ahttpwwwcsutexaseduuserseremolin)
neg, 0.06044194816773854, faculty(ahttpwwwcsutexaseduuserserkok)
neg, 0.06044194816773854, faculty(ahttpwwwcsutexaseduusersesra)
neg, 0.06044194816773854, faculty(ahttpwwwcsutexaseduusersesteban)
neg, 0.06044194816773854, faculty(ahttpwwwcsutexaseduusersestlin)
neg, 0.06044194816773854, faculty(ahttpwwwcsutexaseduusersfrancois)
neg, 0.06044194816773854, faculty(ahttpwwwcsutexaseduusersgajit)
neg, 0.06044194816773854, faculty(ahttpwwwcsutexaseduusersgeeta)
neg, 0.06044194816773854, faculty(ahttpwwwcsutexaseduusersgokul)
neg, 0.06044194816773854, faculty(ahttpwwwcsutexaseduusersgooty)
neg, 0.06044194816773854, faculty(ahttpwwwcsutexaseduusersgunnels)
neg, 0.06044194816773854, faculty(ahttpwwwcsutexaseduusersgunther)
neg, 0.06044194816773854, faculty(ahttpwwwcsutexaseduusersgyx)
neg, 0.06044194816773854, faculty(ahttpwwwcsutexaseduusersgzhang)
neg, 0.06044194816773854, faculty(ahttpwwwcsutexaseduusershaizhou)
neg, 0.06044194816773854, faculty(ahttpwwwcsutexaseduusershaosun)
neg, 0.06044194816773854, faculty(ahttpwwwcsutexaseduusershewett)
neg, 0.06044194816773854, faculty(ahttpwwwcsutexaseduusershiep)
neg, 0.06044194816773854, faculty(ahttpwwwcsutexaseduusershqliu)
neg, 0.06044194816773854, faculty(ahttpwwwcsutexaseduusershudson)
neg, 0.06044194816773854, faculty(ahttpwwwcsutexaseduusershyanbin)
neg, 0.06044194816773854, faculty(ahttpwwwcsutexaseduusersisheldon)
neg, 0.06044194816773854, faculty(ahttpwwwcsutexaseduusersjadair)
neg, 0.06044194816773854, faculty(ahttpwwwcsutexaseduusersjbednar)
neg, 0.06044194816773854, faculty(ahttpwwwcsutexaseduusersjfang)
neg, 0.06044194816773854, faculty(ahttpwwwcsutexaseduusersjprior)
neg, 0.06044194816773854, faculty(ahttpwwwcsutexaseduusersjthomas)
neg, 0.06044194816773854, faculty(ahttpwwwcsutexaseduusersjyluo)
neg, 0.06044194816773854, faculty(ahttpwwwcsutexaseduuserskedar)
neg, 0.06044194816773854, faculty(ahttpwwwcsutexaseduuserskharker)
neg, 0.06044194816773854, faculty(ahttpwwwcsutexaseduuserskistler)
neg, 0.06044194816773854, faculty(ahttpwwwcsutexaseduuserskornerup)
neg, 0.06044194816773854, faculty(ahttpwwwcsutexaseduuserslandrum)
neg, 0.06044194816773854, faculty(ahttpwwwcsutexaseduusersleekk)
neg, 0.06044194816773854, faculty(ahttpwwwcsutexaseduusersliugt)
neg, 0.06044194816773854, faculty(ahttpwwwcsutexaseduusersluxue)
neg, 0.06044194816773854, faculty(ahttpwwwcsutexaseduusersmadhukar)
neg, 0.06044194816773854, faculty(ahttpwwwcsutexaseduusersmallory)
neg, 0.06044194816773854, faculty(ahttpwwwcsutexaseduusersmarco)
neg, 0.06044194816773854, faculty(ahttpwwwcsutexaseduusersmarkj)
neg, 0.06044194816773854, faculty(ahttpwwwcsutexaseduusersmarkng)
neg, 0.06044194816773854, faculty(ahttpwwwcsutexaseduusersmarkus)
neg, 0.06044194816773854, faculty(ahttpwwwcsutexaseduusersmartym)
neg, 0.06044194816773854, faculty(ahttpwwwcsutexaseduusersmccain)
neg, 0.06044194816773854, faculty(ahttpwwwcsutexaseduusersmecaliff)
neg, 0.06044194816773854, faculty(ahttpwwwcsutexaseduusersmoriarty)
neg, 0.06044194816773854, faculty(ahttpwwwcsutexaseduusersmwbarnes)
neg, 0.06044194816773854, faculty(ahttpwwwcsutexaseduusersneerajm)
neg, 0.06044194816773854, faculty(ahttpwwwcsutexaseduusersngk)
neg, 0.06044194816773854, faculty(ahttpwwwcsutexaseduusersnimar)
neg, 0.06044194816773854, faculty(ahttpwwwcsutexaseduusersobrien)
neg, 0.06044194816773854, faculty(ahttpwwwcsutexaseduusersoguer)
neg, 0.06044194816773854, faculty(ahttpwwwcsutexaseduusersotu)
neg, 0.06044194816773854, faculty(ahttpwwwcsutexaseduuserspadgett)
neg, 0.06044194816773854, faculty(ahttpwwwcsutexaseduuserspahardin)
neg, 0.06044194816773854, faculty(ahttpwwwcsutexaseduuserspaulmcq)
neg, 0.06044194816773854, faculty(ahttpwwwcsutexaseduuserspawang)
neg, 0.06044194816773854, faculty(ahttpwwwcsutexaseduuserspecina)
neg, 0.06044194816773854, faculty(ahttpwwwcsutexaseduusersqiming)
neg, 0.06044194816773854, faculty(ahttpwwwcsutexaseduusersqzuo)
neg, 0.06044194816773854, faculty(ahttpwwwcsutexaseduusersrhwang)
neg, 0.06044194816773854, faculty(ahttpwwwcsutexaseduusersrou)
neg, 0.06044194816773854, faculty(ahttpwwwcsutexaseduusersrraj)
neg, 0.06044194816773854, faculty(ahttpwwwcsutexaseduusersrtan)
neg, 0.06044194816773854, faculty(ahttpwwwcsutexaseduusersrupert)
neg, 0.06044194816773854, faculty(ahttpwwwcsutexaseduusersruweihu)
neg, 0.06044194816773854, faculty(ahttpwwwcsutexaseduuserssak)
neg, 0.06044194816773854, faculty(ahttpwwwcsutexaseduuserssammy)
neg, 0.06044194816773854, faculty(ahttpwwwcsutexaseduuserssawada)
neg, 0.06044194816773854, faculty(ahttpwwwcsutexaseduuserssfkaplan)
neg, 0.06044194816773854, faculty(ahttpwwwcsutexaseduusersshenoy)
neg, 0.06044194816773854, faculty(ahttpwwwcsutexaseduusersshma)
neg, 0.06044194816773854, faculty(ahttpwwwcsutexaseduusersskumar)
neg, 0.06044194816773854, faculty(ahttpwwwcsutexaseduuserssmaragd)
neg, 0.06044194816773854, faculty(ahttpwwwcsutexaseduusersson)
neg, 0.060441948167738596, faculty(ahttpwwwcsutexaseduuserssouther)
neg, 0.06044194816773854, faculty(ahttpwwwcsutexaseduuserssowmya)
neg, 0.06044194816773854, faculty(ahttpwwwcsutexaseduuserssriram)
neg, 0.06044194816773854, faculty(ahttpwwwcsutexaseduusersssinha)
neg, 0.06044194816773854, faculty(ahttpwwwcsutexaseduuserssunghee)
neg, 0.06044194816773854, faculty(ahttpwwwcsutexaseduuserssvkakkad)
neg, 0.06044194816773854, faculty(ahttpwwwcsutexaseduuserssyu)
neg, 0.06044194816773854, faculty(ahttpwwwcsutexaseduuserstaowang)
neg, 0.06044194816773854, faculty(ahttpwwwcsutexaseduuserstarun)
neg, 0.06044194816773854, faculty(ahttpwwwcsutexaseduuserstewari)
neg, 0.06044194816773854, faculty(ahttpwwwcsutexaseduuserstumlin)
neg, 0.06044194816773854, faculty(ahttpwwwcsutexaseduuserstwang)
neg, 0.06044194816773854, faculty(ahttpwwwcsutexaseduusersulf)
neg, 0.06044194816773854, faculty(ahttpwwwcsutexaseduusersunicron)
neg, 0.06044194816773854, faculty(ahttpwwwcsutexaseduusersvbb)
neg, 0.06044194816773854, faculty(ahttpwwwcsutexaseduusersvipin)
neg, 0.06044194816773854, faculty(ahttpwwwcsutexaseduusersvsr)
neg, 0.06044194816773854, faculty(ahttpwwwcsutexaseduusersvurgun)
neg, 0.06044194816773854, faculty(ahttpwwwcsutexaseduuserswalbourn)
neg, 0.06044194816773854, faculty(ahttpwwwcsutexaseduuserswarshaw)
neg, 0.06044194816773854, faculty(ahttpwwwcsutexaseduuserswchen)
neg, 0.06044194816773854, faculty(ahttpwwwcsutexaseduuserswkmak)
neg, 0.06044194816773854, faculty(ahttpwwwcsutexaseduuserswylee)
neg, 0.06044194816773854, faculty(ahttpwwwcsutexaseduusersxfeng)
neg, 0.06044194816773854, faculty(ahttpwwwcsutexaseduusersxguo)
neg, 0.06044194816773854, faculty(ahttpwwwcsutexaseduusersxie)
neg, 0.06044194816773854, faculty(ahttpwwwcsutexaseduusersyangyang)
neg, 0.06044194816773854, faculty(ahttpwwwcsutexaseduusersyau)
neg, 0.06044194816773854, faculty(ahttpwwwcsutexaseduusersybliu)
neg, 0.06044194816773854, faculty(ahttpwwwcsutexaseduusersykpei)
neg, 0.06044194816773854, faculty(ahttpwwwcsutexaseduusersyonglu)
neg, 0.06044194816773854, faculty(ahttpwwwcsutexaseduusersyschoe)
neg, 0.06044194816773854, faculty(ahttpwwwcsutexaseduusersyuanjing)
neg, 0.06044194816773854, faculty(ahttpwwwcsutexaseduusersyufeng)
neg, 0.06044194816773854, faculty(ahttpwwwcsutexaseduuserszchen)
neg, 0.06044194816773854, faculty(ahttpwwwcsutexaseduuserszhouxiao)
neg, 0.06044194816773854, faculty(ahttpwwwcsutexaseduuserszhuqing)
neg, 0.06044194816773854, faculty(ahttpwwwcswashingtoneduhomesaberman)
neg, 0.06044194816773854, faculty(ahttpwwwcswashingtoneduhomesadam)
neg, 0.06044194816773854, faculty(ahttpwwwcswashingtoneduhomesahrens)
neg, 0.06044194816773854, faculty(ahttpwwwcswashingtoneduhomesajb)
neg, 0.06044194816773854, faculty(ahttpwwwcswashingtoneduhomesamir)
neg, 0.06044194816773854, faculty(ahttpwwwcswashingtoneduhomesanhai)
neg, 0.06044194816773854, faculty(ahttpwwwcswashingtoneduhomesausland)
neg, 0.06044194816773854, faculty(ahttpwwwcswashingtoneduhomesbam)
neg, 0.060441948167738596, faculty(ahttpwwwcswashingtoneduhomesbecker)
neg, 0.060441948167738596, faculty(ahttpwwwcswashingtoneduhomesbobd)
neg, 0.06044194816773854, faculty(ahttpwwwcswashingtoneduhomesbp)
neg, 0.06044194816773854, faculty(ahttpwwwcswashingtoneduhomesbrad)
neg, 0.06044194816773854, faculty(ahttpwwwcswashingtoneduhomesbrendan)
neg, 0.06044194816773854, faculty(ahttpwwwcswashingtoneduhomesbricker)
neg, 0.06044194816773854, faculty(ahttpwwwcswashingtoneduhomescarlson)
neg, 0.06044194816773854, faculty(ahttpwwwcswashingtoneduhomescertain)
neg, 0.06044194816773854, faculty(ahttpwwwcswashingtoneduhomeschou)
neg, 0.06044194816773854, faculty(ahttpwwwcswashingtoneduhomescorin)
neg, 0.06044194816773854, faculty(ahttpwwwcswashingtoneduhomescsk)
neg, 0.06044194816773854, faculty(ahttpwwwcswashingtoneduhomesctkwok)
neg, 0.06044194816773854, faculty(ahttpwwwcswashingtoneduhomesdarrenc)
neg, 0.06044194816773854, faculty(ahttpwwwcswashingtoneduhomesdbc1)
neg, 0.06044194816773854, faculty(ahttpwwwcswashingtoneduhomesdberman)
neg, 0.06044194816773854, faculty(ahttpwwwcswashingtoneduhomesdbj)
neg, 0.06044194816773854, faculty(ahttpwwwcswashingtoneduhomesddion)
neg, 0.06044194816773854, faculty(ahttpwwwcswashingtoneduhomesderrick)
neg, 0.06044194816773854, faculty(ahttpwwwcswashingtoneduhomesdewey)
neg, 0.06044194816773854, faculty(ahttpwwwcswashingtoneduhomesdfasulo)
neg, 0.06044194816773854, faculty(ahttpwwwcswashingtoneduhomesdlee)
neg, 0.06044194816773854, faculty(ahttpwwwcswashingtoneduhomesdougz)
neg, 0.06044194816773854, faculty(ahttpwwwcswashingtoneduhomesdylan)
neg, 0.06044194816773854, faculty(ahttpwwwcswashingtoneduhomesechris)
neg, 0.06044194816773854, faculty(ahttpwwwcswashingtoneduhomesecrocke)
neg, 0.06044194816773854, faculty(ahttpwwwcswashingtoneduhomesedhong)
neg, 0.06044194816773854, faculty(ahttpwwwcswashingtoneduhomesegs)
neg, 0.06044194816773854, faculty(ahttpwwwcswashingtoneduhomeseric)
neg, 0.06044194816773854, faculty(ahttpwwwcswashingtoneduhomesfeeley)
neg, 0.060441948167738596, faculty(ahttpwwwcswashingtoneduhomesfisher)
neg, 0.06044194816773854, faculty(ahttpwwwcswashingtoneduhomesfix)
neg, 0.06044194816773854, faculty(ahttpwwwcswashingtoneduhomesforman)
neg, 0.06044194816773854, faculty(ahttpwwwcswashingtoneduhomesfriedman)
neg, 0.060441948167738596, faculty(ahttpwwwcswashingtoneduhomesgarrett)
neg, 0.06044194816773854, faculty(ahttpwwwcswashingtoneduhomesgeorgew)
neg, 0.06044194816773854, faculty(ahttpwwwcswashingtoneduhomesgjb)
neg, 0.06044194816773854, faculty(ahttpwwwcswashingtoneduhomesglinden)
neg, 0.06044194816773854, faculty(ahttpwwwcswashingtoneduhomesgmurphy)
neg, 0.06044194816773854, faculty(ahttpwwwcswashingtoneduhomesgrant)
neg, 0.06044194816773854, faculty(ahttpwwwcswashingtoneduhomesgrove)
neg, 0.06044194816773854, faculty(ahttpwwwcswashingtoneduhomeshauck)
neg, 0.06044194816773854, faculty(ahttpwwwcswashingtoneduhomeshinshaw)
neg, 0.06044194816773854, faculty(ahttpwwwcswashingtoneduhomesian)
neg, 0.06044194816773854, faculty(ahttpwwwcswashingtoneduhomesjasons)
neg, 0.06044194816773854, faculty(ahttpwwwcswashingtoneduhomesjbaer)
neg, 0.06044194816773854, faculty(ahttpwwwcswashingtoneduhomesjbuhler)
neg, 0.06044194816773854, faculty(ahttpwwwcswashingtoneduhomesjdean)
neg, 0.060441948167738596, faculty(ahttpwwwcswashingtoneduhomesjdreese)
neg, 0.06044194816773854, faculty(ahttpwwwcswashingtoneduhomesjlo)
neg, 0.06044194816773854, faculty(ahttpwwwcswashingtoneduhomesjoebob)
neg, 0.06044194816773854, faculty(ahttpwwwcswashingtoneduhomesjosh)
neg, 0.06044194816773854, faculty(ahttpwwwcswashingtoneduhomesjovan)
neg, 0.06044194816773854, faculty(ahttpwwwcswashingtoneduhomesjpower)
neg, 0.06044194816773854, faculty(ahttpwwwcswashingtoneduhomesjshakes)
neg, 0.06044194816773854, faculty(ahttpwwwcswashingtoneduhomesjuanito)
neg, 0.06044194816773854, faculty(ahttpwwwcswashingtoneduhomeskapu)
neg, 0.06044194816773854, faculty(ahttpwwwcswashingtoneduhomeskayee)
neg, 0.06044194816773854, faculty(ahttpwwwcswashingtoneduhomeskepart)
neg, 0.06044194816773854, faculty(ahttpwwwcswashingtoneduhomeskgolden)
neg, 0.06044194816773854, faculty(ahttpwwwcswashingtoneduhomeskingsum)
neg, 0.060441948167738596, faculty(ahttpwwwcswashingtoneduhomeskwb)
neg, 0.060441948167738596, faculty(ahttpwwwcswashingtoneduhomeslarryindexhtml)
neg, 0.06044194816773854, faculty(ahttpwwwcswashingtoneduhomeslopez)
neg, 0.06044194816773854, faculty(ahttpwwwcswashingtoneduhomesmadani)
neg, 0.06044194816773854, faculty(ahttpwwwcswashingtoneduhomesmap)
neg, 0.06044194816773854, faculty(ahttpwwwcswashingtoneduhomesmarclang)
neg, 0.06044194816773854, faculty(ahttpwwwcswashingtoneduhomesmarla)
neg, 0.06044194816773854, faculty(ahttpwwwcswashingtoneduhomesmatthai)
neg, 0.06044194816773854, faculty(ahttpwwwcswashingtoneduhomesmckenzie)
neg, 0.06044194816773854, faculty(ahttpwwwcswashingtoneduhomesmef)
neg, 0.06044194816773854, faculty(ahttpwwwcswashingtoneduhomesmel)
neg, 0.06044194816773854, faculty(ahttpwwwcswashingtoneduhomesmenghee)
neg, 0.06044194816773854, faculty(ahttpwwwcswashingtoneduhomesmernst)
neg, 0.06044194816773854, faculty(ahttpwwwcswashingtoneduhomesmikew)
neg, 0.06044194816773854, faculty(ahttpwwwcswashingtoneduhomesmock)
neg, 0.06044194816773854, faculty(ahttpwwwcswashingtoneduhomesmontgmry)
neg, 0.06044194816773854, faculty(ahttpwwwcswashingtoneduhomesnara)
neg, 0.06044194816773854, faculty(ahttpwwwcswashingtoneduhomesnautiyal)
neg, 0.06044194816773854, faculty(ahttpwwwcswashingtoneduhomesnick)
neg, 0.06044194816773854, faculty(ahttpwwwcswashingtoneduhomesohlrich)
neg, 0.06044194816773854, faculty(ahttpwwwcswashingtoneduhomesori)
neg, 0.06044194816773854, faculty(ahttpwwwcswashingtoneduhomesortega)
neg, 0.06044194816773854, faculty(ahttpwwwcswashingtoneduhomespardo)
neg, 0.06044194816773854, faculty(ahttpwwwcswashingtoneduhomespardy)
neg, 0.06044194816773854, faculty(ahttpwwwcswashingtoneduhomespaul)
neg, 0.06044194816773854, faculty(ahttpwwwcswashingtoneduhomespighin)
neg, 0.06044194816773854, faculty(ahttpwwwcswashingtoneduhomesrea)
neg, 0.06044194816773854, faculty(ahttpwwwcswashingtoneduhomesredstone)
neg, 0.06044194816773854, faculty(ahttpwwwcswashingtoneduhomesrex)
neg, 0.06044194816773854, faculty(ahttpwwwcswashingtoneduhomesrgrimm)
neg, 0.06044194816773854, faculty(ahttpwwwcswashingtoneduhomesromer)
neg, 0.06044194816773854, faculty(ahttpwwwcswashingtoneduhomesrrogers)
neg, 0.06044194816773854, faculty(ahttpwwwcswashingtoneduhomessalisbur)
neg, 0.06044194816773854, faculty(ahttpwwwcswashingtoneduhomessavage)
neg, 0.06044194816773854, faculty(ahttpwwwcswashingtoneduhomesschweitz)
neg, 0.06044194816773854, faculty(ahttpwwwcswashingtoneduhomessds)
neg, 0.06044194816773854, faculty(ahttpwwwcswashingtoneduhomessegal)
neg, 0.06044194816773854, faculty(ahttpwwwcswashingtoneduhomessgberg)
neg, 0.06044194816773854, faculty(ahttpwwwcswashingtoneduhomesshade)
neg, 0.06044194816773854, faculty(ahttpwwwcswashingtoneduhomesshuntak)
neg, 0.06044194816773854, faculty(ahttpwwwcswashingtoneduhomesskoga)
neg, 0.06044194816773854, faculty(ahttpwwwcswashingtoneduhomessoha)
neg, 0.06044194816773854, faculty(ahttpwwwcswashingtoneduhomessparekh)
neg, 0.06044194816773854, faculty(ahttpwwwcswashingtoneduhomesspeed)
neg, 0.06044194816773854, faculty(ahttpwwwcswashingtoneduhomessungeun)
neg, 0.06044194816773854, faculty(ahttpwwwcswashingtoneduhomesthu)
neg, 0.06044194816773854, faculty(ahttpwwwcswashingtoneduhomestian)
neg, 0.06044194816773854, faculty(ahttpwwwcswashingtoneduhomestiwary)
neg, 0.06044194816773854, faculty(ahttpwwwcswashingtoneduhomestlau)
neg, 0.06044194816773854, faculty(ahttpwwwcswashingtoneduhomestracyk)
neg, 0.06044194816773854, faculty(ahttpwwwcswashingtoneduhomestravis)
neg, 0.06044194816773854, faculty(ahttpwwwcswashingtoneduhomestullsen)
neg, 0.06044194816773854, faculty(ahttpwwwcswashingtoneduhomesvanhilst)
neg, 0.06044194816773854, faculty(ahttpwwwcswashingtoneduhomesvass)
neg, 0.06044194816773854, faculty(ahttpwwwcswashingtoneduhomesvirgil)
neg, 0.06044194816773854, faculty(ahttpwwwcswashingtoneduhomesvivek)
neg, 0.06044194816773854, faculty(ahttpwwwcswashingtoneduhomesvoelker)
neg, 0.06044194816773854, faculty(ahttpwwwcswashingtoneduhomeswaynew)
neg, 0.06044194816773854, faculty(ahttpwwwcswashingtoneduhomeswchan)
neg, 0.06044194816773854, faculty(ahttpwwwcswashingtoneduhomeswendy)
neg, 0.060441948167738596, faculty(ahttpwwwcswashingtoneduhomeswhsieh)
neg, 0.06044194816773854, faculty(ahttpwwwcswashingtoneduhomeswolman)
neg, 0.06044194816773854, faculty(ahttpwwwcswashingtoneduhomesxqin)
neg, 0.06044194816773854, faculty(ahttpwwwcswashingtoneduhomesyasushi)
neg, 0.06044194816773854, faculty(ahttpwwwcswashingtoneduhomeszamir)
neg, 0.06044194816773854, faculty(ahttpwwwcswashingtoneduhomeszmason)
neg, 0.06044194816773854, faculty(ahttpwwwcswisceduaguptaaguptahtml)
neg, 0.06044194816773854, faculty(ahttpwwwcswiscedualainalainhtml)
neg, 0.06044194816773854, faculty(ahttpwwwcswisceduallexallexhtml)
neg, 0.06044194816773854, faculty(ahttpwwwcswisceduamiramirhtml)
neg, 0.06044194816773854, faculty(ahttpwwwcswisceduammonsammonshtml)
neg, 0.06044194816773854, faculty(ahttpwwwcswisceduandytandythtml)
neg, 0.06044194816773854, faculty(ahttpwwwcswisceduarvindarvindhtml)
neg, 0.06044194816773854, faculty(ahttpwwwcswisceduashishtashishthtml)
neg, 0.06044194816773854, faculty(ahttpwwwcswisceduashrafashrafhtml)
neg, 0.06044194816773854, faculty(ahttpwwwcswisceduatkinsonatkinsonhtml)
neg, 0.06044194816773854, faculty(ahttpwwwcswiscedubenbenhtml)
neg, 0.06044194816773854, faculty(ahttpwwwcswiscedubestorbestorhtml)
neg, 0.06044194816773854, faculty(ahttpwwwcswiscedubeyerbeyerhtml)
neg, 0.06044194816773854, faculty(ahttpwwwcswiscedubezenekbezenekhtml)
neg, 0.06044194816773854, faculty(ahttpwwwcswiscedubockrathbockrathhtml)
neg, 0.060441948167738596, faculty(ahttpwwwcswiscedubolobolohtml)
neg, 0.06044194816773854, faculty(ahttpwwwcswiscedubradbradhtml)
neg, 0.06044194816773854, faculty(ahttpwwwcswiscedubreachbreachhtml)
neg, 0.06044194816773854, faculty(ahttpwwwcswiscedubsribsrihtml)
neg, 0.06044194816773854, faculty(ahttpwwwcswisceduburnettburnetthtml)
neg, 0.06044194816773854, faculty(ahttpwwwcswisceducaolcaolhtml)
neg, 0.06044194816773854, faculty(ahttpwwwcswisceducchincchinhtml)
neg, 0.06044194816773854, faculty(ahttpwwwcswisceduchandrachandrahtml)
neg, 0.06044194816773854, faculty(ahttpwwwcswisceduchilimbichilimbihtml)
neg, 0.06044194816773854, faculty(ahttpwwwcswisceducsashicsashihtml)
neg, 0.060441948167738596, faculty(ahttpwwwcswisceducurtcurthtml)
neg, 0.06044194816773854, faculty(ahttpwwwcswisceducychancychanhtml)
neg, 0.06044194816773854, faculty(ahttpwwwcswiscedudaileydaileyhtml)
neg, 0.06044194816773854, faculty(ahttpwwwcswiscedudburgerdburgerhtml)
neg, 0.06044194816773854, faculty(ahttpwwwcswiscedudzimmdzimmhtml)
neg, 0.060441948167738596, faculty(ahttpwwwcswisceduejhazenejhazenhtml)
neg, 0.06044194816773854, faculty(ahttpwwwcswiscedueliassieliassihtml)
neg, 0.06044194816773854, faculty(ahttpwwwcswiscedueneumaneneumanhtml)
neg, 0.06044194816773854, faculty(ahttpwwwcswisceduericroericrohtml)
neg, 0.06044194816773854, faculty(ahttpwwwcswiscedufalsafifalsafihtml)
neg, 0.06044194816773854, faculty(ahttpwwwcswiscedufintonfintonhtml)
neg, 0.060441948167738596, faculty(ahttpwwwcswisceduflisakowflisakowhtml)
neg, 0.06044194816773854, faculty(ahttpwwwcswiscedugeerygeeryhtml)
neg, 0.06044194816773854, faculty(ahttpwwwcswiscedugidgidhtml)
neg, 0.06044194816773854, faculty(ahttpwwwcswisceduglasereaglasereahtml)
neg, 0.06044194816773854, faculty(ahttpwwwcswisceduglewglewhtml)
neg, 0.06044194816773854, faculty(ahttpwwwcswiscedugreggreghtml)
neg, 0.06044194816773854, faculty(ahttpwwwcswiscedugsrigsrihtml)
neg, 0.06044194816773854, faculty(ahttpwwwcswisceduguangshuguangshuhtml)
neg, 0.06044194816773854, faculty(ahttpwwwcswiscedugviswanagviswanahtml)
neg, 0.06044194816773854, faculty(ahttpwwwcswisceduharitharithtml)
neg, 0.06044194816773854, faculty(ahttpwwwcswisceduhastihastihtml)
neg, 0.06044194816773854, faculty(ahttpwwwcswisceduhclhclhtml)
neg, 0.06044194816773854, faculty(ahttpwwwcswisceduhertherthtml)
neg, 0.06044194816773854, faculty(ahttpwwwcswisceduhoghoghtml)
neg, 0.06044194816773854, faculty(ahttpwwwcswisceduhornhornhtml)
neg, 0.06044194816773854, faculty(ahttpwwwcswisceduhummerthummerthtml)
neg, 0.06044194816773854, faculty(ahttpwwwcswisceduiigoriigorhtml)
neg, 0.06044194816773854, faculty(ahttpwwwcswisceduirelandirelandhtml)
neg, 0.06044194816773854, faculty(ahttpwwwcswisceduissuseridhtml)
neg, 0.06044194816773854, faculty(ahttpwwwcswiscedujbasneyjbasneyhtml)
neg, 0.06044194816773854, faculty(ahttpwwwcswiscedujereljerelhtml)
neg, 0.06044194816773854, faculty(ahttpwwwcswiscedujglarsonjglarsonhtml)
neg, 0.06044194816773854, faculty(ahttpwwwcswiscedujherrojherrohtml)
neg, 0.06044194816773854, faculty(ahttpwwwcswiscedujiebingjiebinghtml)
neg, 0.06044194816773854, faculty(ahttpwwwcswiscedujigneshjigneshhtml)
neg, 0.06044194816773854, faculty(ahttpwwwcswiscedujoevjoevhtml)
neg, 0.06044194816773854, faculty(ahttpwwwcswiscedujohannesjohanneshtml)
neg, 0.06044194816773854, faculty(ahttpwwwcswiscedujonbjonbhtml)
neg, 0.06044194816773854, faculty(ahttpwwwcswiscedujqjqhtml)
neg, 0.06044194816773854, faculty(ahttpwwwcswiscedujshabeljshabelhtml)
neg, 0.06044194816773854, faculty(ahttpwwwcswiscedujussijussihtml)
neg, 0.06044194816773854, faculty(ahttpwwwcswiscedujyothijyothihtml)
neg, 0.06044194816773854, faculty(ahttpwwwcswiscedukaravankaravanhtml)
neg, 0.06044194816773854, faculty(ahttpwwwcswiscedukaxiraskaxirashtml)
neg, 0.06044194816773854, faculty(ahttpwwwcswiscedukeeperkeeperhtml)
neg, 0.06044194816773854, faculty(ahttpwwwcswiscedukmurlikmurlihtml)
neg, 0.06044194816773854, faculty(ahttpwwwcswiscedukrisnakrisnahtml)
neg, 0.06044194816773854, faculty(ahttpwwwcswiscedukristintkristinthtml)
neg, 0.06044194816773854, faculty(ahttpwwwcswiscedukrungkrunghtml)
neg, 0.06044194816773854, faculty(ahttpwwwcswisceduleavyleavyhtml)
neg, 0.060441948167738596, faculty(ahttpwwwcswisceduledermanledermanhtml)
neg, 0.06044194816773854, faculty(ahttpwwwcswiscedulloydlloydhtml)
neg, 0.06044194816773854, faculty(ahttpwwwcswiscedulukaslukashtml)
neg, 0.06044194816773854, faculty(ahttpwwwcswiscedulukelukehtml)
neg, 0.06044194816773854, faculty(ahttpwwwcswiscedulzhenglzhenghtml)
neg, 0.06044194816773854, faculty(ahttpwwwcswiscedumanuvirmanuvirhtml)
neg, 0.06044194816773854, faculty(ahttpwwwcswiscedumarkosmarkoshtml)
neg, 0.06044194816773854, faculty(ahttpwwwcswiscedumbirkmbirkhtml)
neg, 0.06044194816773854, faculty(ahttpwwwcswiscedumcauliffmcauliffhtml)
neg, 0.06044194816773854, faculty(ahttpwwwcswiscedumdsmdshtml)
neg, 0.06044194816773854, faculty(ahttpwwwcswiscedumellenmellenhtml)
neg, 0.06044194816773854, faculty(ahttpwwwcswiscedumelskimelskihtml)
neg, 0.06044194816773854, faculty(ahttpwwwcswiscedumilomilohtml)
neg, 0.06044194816773854, faculty(ahttpwwwcswisceduminosminoshtml)
neg, 0.060441948167738596, faculty(ahttpwwwcswiscedumjrgmjrghtml)
neg, 0.06044194816773854, faculty(ahttpwwwcswiscedumorganmorganhtml)
neg, 0.06044194816773854, faculty(ahttpwwwcswiscedumoshovosmoshovoshtml)
neg, 0.06044194816773854, faculty(ahttpwwwcswiscedumoymoyhtml)
neg, 0.06044194816773854, faculty(ahttpwwwcswiscedumreamesmreameshtml)
neg, 0.06044194816773854, faculty(ahttpwwwcswiscedumsteelemsteelehtml)
neg, 0.06044194816773854, faculty(ahttpwwwcswiscedumyuinmyuinhtml)
neg, 0.060441948167738596, faculty(ahttpwwwcswiscedunaimnaimhtml)
neg, 0.06044194816773854, faculty(ahttpwwwcswiscedunatassanatassahtml)
neg, 0.06044194816773854, faculty(ahttpwwwcswiscedunavinnavinhtml)
neg, 0.06044194816773854, faculty(ahttpwwwcswiscedunewhallnewhallhtml)
neg, 0.060441948167738596, faculty(ahttpwwwcswiscedunhallnhallhtml)
neg, 0.06044194816773854, faculty(ahttpwwwcswiscedunspnsphtml)
neg, 0.06044194816773854, faculty(ahttpwwwcswisceduparkerparkerhtml)
neg, 0.06044194816773854, faculty(ahttpwwwcswiscedupaulbpaulbhtml)
neg, 0.060441948167738596, faculty(ahttpwwwcswiscedupdevriespdevrieshtml)
neg, 0.06044194816773854, faculty(ahttpwwwcswisceduplakalplakalhtml)
neg, 0.06044194816773854, faculty(ahttpwwwcswiscedupmdpmdhtml)
neg, 0.06044194816773854, faculty(ahttpwwwcswiscedupoosalapoosalahtml)
neg, 0.06044194816773854, faculty(ahttpwwwcswisceduprockprockhtml)
neg, 0.06044194816773854, faculty(ahttpwwwcswisceduqwqwhtml)
neg, 0.06044194816773854, faculty(ahttpwwwcswiscedurahulrahulhtml)
neg, 0.06044194816773854, faculty(ahttpwwwcswiscedurajirajihtml)
neg, 0.06044194816773854, faculty(ahttpwwwcswisceduramanramanhtml)
neg, 0.06044194816773854, faculty(ahttpwwwcswisceduramasamyramasamyhtml)
neg, 0.06044194816773854, faculty(ahttpwwwcswisceduratliffratliffhtml)
neg, 0.06044194816773854, faculty(ahttpwwwcswisceduratnakarratnakarhtml)
neg, 0.06044194816773854, faculty(ahttpwwwcswiscedurcarlrcarlhtml)
neg, 0.06044194816773854, faculty(ahttpwwwcswiscedusaeedsaeedhtml)
neg, 0.06044194816773854, faculty(ahttpwwwcswiscedusamitsamithtml)
neg, 0.06044194816773854, faculty(ahttpwwwcswiscedusashwinsashwinhtml)
neg, 0.06044194816773854, faculty(ahttpwwwcswiscedusastrysastryhtml)
neg, 0.060441948167738596, faculty(ahttpwwwcswisceduscalscalhtml)
neg, 0.06044194816773854, faculty(ahttpwwwcswisceduschandraschandrahtml)
neg, 0.06044194816773854, faculty(ahttpwwwcswisceduschnarrschnarrhtml)
neg, 0.06044194816773854, faculty(ahttpwwwcswisceduschoinasschoinashtml)
neg, 0.06044194816773854, faculty(ahttpwwwcswisceduseaveyseaveyhtml)
neg, 0.06044194816773854, faculty(ahttpwwwcswiscedusecsechtml)
neg, 0.06044194816773854, faculty(ahttpwwwcswisceduseitzseitzhtml)
neg, 0.06044194816773854, faculty(ahttpwwwcswiscedushubushubuhtml)
neg, 0.06044194816773854, faculty(ahttpwwwcswiscedusiffsiffhtml)
neg, 0.06044194816773854, faculty(ahttpwwwcswisceduskrentnyskrentnyhtml)
neg, 0.06044194816773854, faculty(ahttpwwwcswiscedusodanisodanihtml)
neg, 0.06044194816773854, faculty(ahttpwwwcswiscedusosohtml)
neg, 0.06044194816773854, faculty(ahttpwwwcswiscedusowmyasowmyahtml)
neg, 0.06044194816773854, faculty(ahttpwwwcswiscedusslsslhtml)
neg, 0.06044194816773854, faculty(ahttpwwwcswiscedustengleistengleihtml)
neg, 0.06044194816773854, faculty(ahttpwwwcswiscedusteversteverhtml)
neg, 0.06044194816773854, faculty(ahttpwwwcswiscedusubbaraosubbaraohtml)
neg, 0.06044194816773854, faculty(ahttpwwwcswiscedusuhuisuhuihtml)
neg, 0.06044194816773854, faculty(ahttpwwwcswiscedusundaramsundaramhtml)
neg, 0.06044194816773854, faculty(ahttpwwwcswisceduswanderbswanderbhtml)
neg, 0.06044194816773854, faculty(ahttpwwwcswiscedutamchestamcheshtml)
neg, 0.06044194816773854, faculty(ahttpwwwcswisceduticktickhtml)
neg, 0.06044194816773854, faculty(ahttpwwwcswiscedutmunsontmunsonhtml)
neg, 0.06044194816773854, faculty(ahttpwwwcswiscedutoonentoonenhtml)
neg, 0.06044194816773854, faculty(ahttpwwwcswiscedutsiolistsiolishtml)
neg, 0.06044194816773854, faculty(ahttpwwwcswisceduturnidgeturnidgehtml)
neg, 0.06044194816773854, faculty(ahttpwwwcswiscedutwangtwanghtml)
neg, 0.06044194816773854, faculty(ahttpwwwcswisceduuriurihtml)
neg, 0.06044194816773854, faculty(ahttpwwwcswisceduvgantivgantihtml)
neg, 0.06044194816773854, faculty(ahttpwwwcswisceduvijayvijayhtml)
neg, 0.06044194816773854, faculty(ahttpwwwcswisceduwatrouswatroushtml)
neg, 0.06044194816773854, faculty(ahttpwwwcswisceduweaverweaverhtml)
neg, 0.06044194816773854, faculty(ahttpwwwcswisceduweirucweiruchtml)
neg, 0.06044194816773854, faculty(ahttpwwwcswisceduweizweizhtml)
neg, 0.060441948167738596, faculty(ahttpwwwcswisceduwengerwengerhtml)
neg, 0.06044194816773854, faculty(ahttpwwwcswisceduxuelinxuelinhtml)
neg, 0.06044194816773854, faculty(ahttpwwwcswisceduyinongyinonghtml)
neg, 0.06044194816773854, faculty(ahttpwwwcswisceduyinyinhtml)
neg, 0.06044194816773854, faculty(ahttpwwwcswisceduzeidenzeidenhtml)
neg, 0.06044194816773854, faculty(ahttpwwwcswisceduzhangzhanghtml)
neg, 0.06044194816773854, faculty(ahttpwwwcswisceduzhaozhaohtml)
neg, 0.06044194816773854, faculty(ahttpwwwcswisceduzhezhehtml)
neg, 0.06044194816773854, faculty(ahttpwwwcswisceduzhichenzhichenhtml)
neg, 0.06044194816773854, faculty(ahttpwwwcswisceduzjzjhtml)
neg, 0.06044194816773854, faculty(ahttpwwwcswisceduzmudzinzmudzinhtml)
neg, 0.060441948167738596, faculty(ahttpwwwtccornelledubruce)

